index,prediction
19,"[220.0, 240.0] volt"
37,
60,
65,3.70 volt
75,
88,
97,9.60 volt
126,12.0 volt
165,
184,
206,
213,5.0 volt
216,2.0 volt
230,
278,
287,
299,
300,
301,
323,
334,
340,
378,12.0 volt
384,
388,
407,
408,
416,
422,505.0 volt
442,220.0 volt
446,
464,
473,52.0 volt
501,5.0 volt
519,
548,12.0 volt
561,18.0 volt
572,
583,
598,
608,12.0 volt
616,
642,
645,110.0 volt
650,110.0 volt
671,
677,
686,5.0 volt
696,
724,
729,25.20 volt
745,
762,
773,110.0 volt
777,
779,
796,
800,
810,
818,
823,
846,
850,
887,
889,12.0 volt
913,220.0 volt
921,220.0 volt
933,
935,
940,
943,
968,
1000,127.0 volt
1012,
1033,230.0 volt
1035,6.0 volt
1046,
1049,
1054,
1061,
1064,"[220.0, 240.0] volt"
1066,
1114,5.0 volt
1128,
1131,24.0 volt
1149,
1185,
1214,
1273,
1279,
1309,
1348,
1353,
1369,15.40 volt
1372,
1380,3.70 volt
1386,6.0 volt
1404,
1412,12.0 volt
1425,
1438,1.35 volt
1441,1600.0 volt
1447,
1453,
1465,26.0 volt
1481,18.0 volt
1488,
1489,18.0 volt
1494,
1515,12.0 volt
1522,12.0 volt
1537,110.0 volt
1544,
1547,
1551,
1557,
1566,
1580,
1620,
1623,
1626,20.0 volt
1628,
1634,
1639,
1654,
1665,
1679,
1700,12.0 volt
1726,110.0 volt
1730,
1739,18.0 volt
1745,120.0 volt
1753,
1760,
1761,
1764,120.0 volt
1772,220.0 volt
1779,20.0 volt
1819,20.0 volt
1825,
1831,
1836,
1846,
1868,
1875,
1881,12.0 volt
1889,
1896,
1914,18.0 volt
1934,120.0 volt
1937,110.0 volt
1951,
1986,
2005,120.0 volt
2006,
2010,5.0 volt
2021,
2053,
2061,
2064,
2071,127212.0 volt
2075,3.80 volt
2078,7.45 volt
2083,
2092,
2093,19.20 volt
2101,
2109,
2126,
2135,
2140,115.0 volt
2146,
2161,12.0 volt
2168,
2178,220.0 volt
2187,
2190,
2204,
2219,
2224,120.0 volt
2227,
2234,12.0 volt
2242,
2244,
2262,
2264,
2265,115.0 volt
2268,6.0 volt
2275,110.0 volt
2278,
2283,
2288,
2296,
2310,
2316,
2326,12.0 volt
2343,
2347,
2351,
2364,12.0 volt
2432,
2435,
2445,
2452,
2462,220.0 volt
2464,
2470,
2481,24.0 volt
2488,
2492,12.0 volt
2497,
2510,
2521,
2525,
2563,
2569,5.02 volt
2571,
2574,
2576,21.60 volt
2579,
2582,120.0 volt
2616,
2629,
2634,110.0 volt
2643,"[220.0, 240.0] volt"
2654,
2659,12.0 volt
2686,
2688,
2690,15.0 volt
2706,15.0 volt
2707,
2731,
2733,40101.0 volt
2736,
2738,
2744,4.20 volt
2754,
2760,
2777,
2780,220.0 volt
2812,
2815,
2820,
2827,120.0 volt
2828,
2841,
2844,
2856,
2857,
2862,16.80 volt
2870,
2889,
2895,
2907,18.0 volt
2914,3.0 volt
2918,
2941,
2946,
2955,14.0 volt
2957,80.0 volt
2962,
2965,
2967,
2979,
2987,
2990,
2996,
3014,
3016,
3020,3.70 volt
3024,12.0 volt
3027,
3030,
3034,220.0 volt
3040,50152.0 volt
3058,
3063,
3071,
3084,
3116,15.0 volt
3138,
3148,
3149,
3152,
3167,
3174,
3175,
3182,
3190,120.0 volt
3195,18.0 volt
3198,110.0 volt
3201,
3209,
3215,
3221,
3234,
3245,
3246,30.0 millivolt
3249,9.0 volt
3255,
3268,
3275,
3291,5.0 volt
3294,
3297,
3303,
3317,
3323,
3324,
3325,
3326,
3327,
3348,
3359,
3368,
3378,
3382,
3400,
3403,
3416,
3423,
3424,3.60 volt
3428,230.0 volt
3434,21.0 volt
3455,
3468,
3471,3.70 volt
3520,
3526,
3536,
3541,
3568,
3570,
3577,12.0 volt
3581,230.0 volt
3595,115.0 volt
3606,
3629,
3631,
3641,
3653,220.0 volt
3666,110.0 volt
3667,
3689,
3690,
3705,
3709,
3712,
3718,
3721,
3728,127.0 volt
3742,
3748,
3764,
3771,12.0 volt
3783,
3793,8.0 volt
3809,12.0 volt
3811,
3825,
3835,
3850,
3854,
3863,
3887,
3912,5.0 volt
3928,400.0 volt
3946,
3951,
3953,12.0 volt
3957,
3961,
3963,
3967,
3976,
3984,
3988,
4007,
4040,
4053,3.70 volt
4065,
4072,5.0 volt
4076,
4080,5.0 volt
4090,
4093,110.0 volt
4116,
4120,110.0 volt
4124,
4125,120.0 volt
4127,5.0 volt
4139,24.0 volt
4145,115.0 volt
4159,3.70 volt
4163,
4195,
4208,
4210,220.0 volt
4217,20.0 volt
4235,12.0 volt
4278,327.0 volt
4280,110.0 volt
4292,
4302,
4306,
4309,
4312,
4322,
4326,
4333,
4342,
4345,
4349,115.0 volt
4352,
4372,
4375,
4383,3.70 volt
4384,20.0 volt
4388,
4391,
4417,
4419,
4425,
4426,
4437,20.0 volt
4447,
4455,
4456,24.0 volt
4459,
4466,
4467,
4468,14.40 volt
4493,
4494,20.0 volt
4499,
4505,
4513,230.0 volt
4516,12.0 volt
4520,
4521,
4544,
4549,
4566,
4572,
4576,
4607,
4617,4.20 volt
4620,
4630,80.0 volt
4639,
4642,
4659,
4663,
4671,
4684,
4703,
4721,
4724,
4749,14.90 volt
4752,5.0 volt
4753,18.0 volt
4755,12.0 volt
4758,5.0 volt
4769,
4785,
4787,
4789,
4791,220.0 volt
4792,85.0 volt
4796,
4807,
4837,
4839,
4846,5.0 volt
4860,
4873,
4878,110.0 volt
4889,
4896,
4903,5.0 volt
4921,27003.70 volt
4927,
4931,38.0 volt
4937,
4940,
4946,
4953,
4963,
4971,5.0 volt
4987,
4993,
4997,
5001,
5012,
5018,
5020,24.0 volt
5047,
5048,
5052,
5077,
5078,220.0 volt
5085,220.0 volt
5095,
5097,
5100,
5113,
5122,
5128,
5139,
5154,18.0 volt
5163,
5167,
5168,20.0 volt
5183,"[220.0, 240.0] volt"
5199,110.0 volt
5203,
5206,
5221,
5251,
5258,8.0 volt
5260,120.0 volt
5263,"[220.0, 240.0] volt"
5283,
5285,
5298,
5323,12.0 volt
5329,
5338,
5340,
5347,12.0 volt
5350,
5384,12.0 volt
5385,
5394,
5398,
5407,120.0 volt
5414,
5429,5.0 volt
5446,120.0 volt
5448,
5453,
5460,
5463,
5464,
5467,3.70 volt
5469,
5474,
5485,
5490,
5498,
5505,110.0 volt
5518,
5528,
5539,
5540,
5544,
5554,
5556,12.0 volt
5561,
5568,
5590,
5601,
5604,
5613,
5623,
5624,
5656,220.0 volt
5665,
5666,
5687,
5692,220.0 volt
5705,
5706,
5715,115.0 volt
5718,
5733,
5738,
5741,115.0 volt
5742,12.0 volt
5743,21.0 volt
5744,21.0 volt
5761,
5780,7.0 volt
5781,
5784,110.0 volt
5791,80.0 volt
5793,12.0 volt
5813,
5826,
5829,20.0 volt
5840,
5845,
5857,
5885,
5891,
5899,
5901,
5903,
5926,
5927,
5933,
5940,5.0 volt
5947,
5956,
5961,21.0 volt
5966,
5984,
6014,
6039,129012.0 volt
6044,14.90 volt
6050,
6053,
6064,
6097,
6111,
6113,
6114,18.0 volt
6127,
6131,
6155,
6158,
6163,24.0 volt
6166,20.0 volt
6170,"[220.0, 240.0] volt"
6187,
6199,
6204,230.0 volt
6241,2.0 volt
6253,
6259,
6266,
6276,
6301,
6304,
6313,
6335,220.0 volt
6357,
6361,12.0 volt
6367,12.0 volt
6380,
6387,12.0 volt
6405,
6427,
6429,
6449,
6479,
6488,
6489,
6502,120.0 volt
6507,
6511,
6518,
6519,3.70 volt
6525,
6533,125.0 volt
6561,
6567,
6573,12.0 volt
6576,
6580,
6584,
6594,12.0 volt
6622,
6631,
6644,
6646,120.0 volt
6652,
6653,
6660,21.60 volt
6665,
6673,12.0 volt
6676,
6689,110.0 volt
6743,
6768,
6771,220.0 volt
6775,
6782,
6801,5.0 volt
6804,
6816,"[220.0, 240.0] volt"
6821,
6825,
6842,
6849,
6857,
6859,120.0 volt
6868,12.0 volt
6870,120.0 volt
6874,
6885,
6890,18.0 volt
6899,
6904,
6908,
6924,
6949,230.0 volt
6951,
6960,
6962,208.0 volt
6967,"[220.0, 240.0] volt"
6977,115.0 volt
6978,
6990,
6992,
6995,120.0 volt
7008,
7026,5.0 volt
7036,230.0 volt
7043,
7045,
7051,
7052,12.0 volt
7057,
7076,
7078,
7084,12.0 volt
7087,
7094,
7100,
7122,
7126,
7130,12.0 volt
7134,120.0 volt
7136,
7151,120.0 volt
7154,
7159,
7162,
7163,21.0 volt
7167,
7188,
7202,
7207,
7236,
7240,
7249,110.0 volt
7259,12.0 volt
7288,12.0 volt
7300,
7304,
7309,12.0 volt
7334,
7335,
7339,220.0 volt
7351,
7357,
7363,
7365,
7387,
7417,20.0 volt
7419,110.0 volt
7428,20.0 volt
7440,7.40 volt
7455,
7471,
7476,400.0 volt
7478,24.0 volt
7488,
7508,120.0 volt
7518,
7536,
7540,5.0 volt
7547,12.0 volt
7551,3.30 volt
7565,120.0 volt
7571,
7579,18.0 volt
7581,
7607,
7612,24.0 volt
7622,
7633,
7647,
7649,
7652,"[220.0, 240.0] volt"
7654,
7657,
7685,
7686,
7697,
7706,120.0 volt
7710,
7712,
7717,277.0 volt
7720,115.0 volt
7733,12.0 volt
7737,12.0 volt
7739,
7746,120.0 volt
7756,
7765,"[220.0, 240.0] volt"
7769,
7783,178.0 volt
7794,9.60 volt
7817,
7828,
7836,220.0 volt
7838,
7843,
7845,220.0 volt
7855,
7857,
7860,
7907,7.40 volt
7924,
7925,110.0 volt
7933,
7943,
7948,
7972,
7994,
7995,
8010,
8017,
8025,6.0 volt
8027,
8031,
8038,
8044,
8053,
8054,
8057,
8065,1210.0 volt
8066,
8071,12.0 volt
8091,5.0 volt
8098,
8104,
8109,
8113,
8124,
8139,
8149,
8155,
8156,508.0 volt
8164,
8171,170.0 volt
8178,
8198,
8207,
8211,
8214,
8229,20.0 volt
8243,
8250,
8259,
8268,24.0 volt
8270,
8273,
8287,
8292,
8301,170.0 volt
8309,"[220.0, 240.0] volt"
8325,
8326,
8340,
8364,
8365,
8386,
8389,
8402,220.0 volt
8414,
8421,56015.0 volt
8423,
8427,3.70 volt
8431,12.0 volt
8435,
8437,
8457,
8461,
8470,
8471,
8473,12.0 volt
8481,
8496,24.0 volt
8502,
8515,
8525,
8530,
8542,
8550,
8580,
8586,115.0 volt
8588,
8602,120.0 volt
8608,
8636,
8657,21.0 volt
8670,
8681,120.0 volt
8683,12.0 volt
8687,
8689,
8692,230.0 volt
8698,
8701,
8706,
8730,9.60 volt
8745,12.0 volt
8754,
8755,120.0 volt
8763,
8766,12.0 volt
8767,
8790,
8808,
8816,
8820,12.0 volt
8830,
8839,
8843,
8845,
8851,
8857,12.0 volt
8878,2.0 volt
8893,
8894,
8896,
8897,
8902,120.0 volt
8909,
8917,
8919,
8922,
8934,
8940,
8947,2230303.6 volt
8968,
8978,
8982,
8995,
8998,
9002,
9008,120.0 volt
9012,
9015,110.0 volt
9018,80.0 volt
9037,220.0 volt
9049,
9052,
9056,110.0 volt
9058,
9064,24.0 volt
9094,
9096,110.0 volt
9100,
9119,
9121,
9124,14.90 volt
9128,
9133,
9135,
9142,
9143,
9159,
9162,115.0 volt
9168,
9182,
9186,
9188,
9205,
9227,
9243,1210012.0 volt
9248,12.0 volt
9250,1.50 volt
9257,115.0 volt
9272,
9273,6.0 volt
9275,
9292,
9311,
9315,
9325,12.0 volt
9346,115.0 volt
9355,12.0 volt
9361,
9380,
9383,
9394,
9416,
9419,12.0 volt
9434,
9451,
9476,
9481,24.0 volt
9485,
9513,115.0 volt
9517,110.0 volt
9518,
9522,
9535,
9537,12.0 volt
9546,
9564,"[220.0, 240.0] volt"
9567,
9608,"[220.0, 240.0] volt"
9623,
9662,
9665,
9671,
9675,24.0 volt
9679,3.0 volt
9681,
9683,
9689,
9702,120.0 volt
9711,
9718,
9729,110.0 volt
9740,
9741,
9748,12.0 volt
9758,
9761,
9762,
9765,20.0 volt
9777,
9780,
9784,
9789,
9803,
9822,
9835,
9846,
9866,
9897,
9912,
9918,
9925,12.0 volt
9929,
9931,
9948,
9961,
9968,
9978,127212.0 volt
9983,
9994,
9997,
10025,3.70 volt
10030,
10054,
10084,
10094,
10104,
10105,
10114,13.90 volt
10117,
10120,
10123,
10125,
10128,110.0 volt
10138,
10150,25.0 volt
10154,
10160,
10168,
10179,
10180,
10199,
10208,
10220,
10222,
10232,
10237,110.0 volt
10243,
10245,
10263,220.0 volt
10273,
10278,
10317,
10332,
10333,
10370,
10391,5.0 volt
10393,12.0 volt
10409,
10410,6.0 volt
10417,20.0 volt
10432,
10437,120.0 volt
10450,
10454,
10457,120.0 volt
10476,
10484,
10500,
10519,5.0 volt
10523,
10526,
10530,
10536,
10542,
10552,
10560,
10569,
10574,5.0 volt
10579,
10589,
10590,
10604,"[220.0, 240.0] volt"
10610,
10619,
10626,
10628,
10634,
10646,
10648,
10661,
10687,20.0 volt
10699,5.0 volt
10702,
10719,
10721,
10723,9.60 volt
10728,
10732,110.0 volt
10735,
10755,
10763,
10788,
10803,
10806,12.0 volt
10821,
10822,"[220.0, 240.0] volt"
10829,
10833,7.40 volt
10849,
10855,
10857,5.0 volt
10859,5.0 volt
10870,138.0 volt
10874,
10876,7.40 volt
10902,
10910,
10919,18.0 volt
10931,
10932,
10944,
10952,
10962,220.0 volt
10971,
10972,
10973,
10996,12.0 volt
10997,
11007,12.0 volt
11015,
11040,
11060,
11064,9.60 volt
11074,
11083,
11085,12.0 volt
11090,
11146,
11150,
11155,
11173,
11193,
11207,
11209,
11212,120.0 volt
11217,120.0 volt
11226,
11232,
11238,
11249,
11258,
11266,11.40 volt
11287,
11316,
11321,7.40 volt
11334,
11345,
11356,
11360,250.0 volt
11370,
11373,18.0 volt
11375,
11376,12.0 volt
11378,
11385,
11391,"[220.0, 240.0] volt"
11396,
11408,
11411,
11413,5.0 volt
11423,
11427,
11439,
11457,
11458,
11466,12.0 volt
11476,3.70 volt
11477,115.0 volt
11495,5.0 volt
11519,
11526,
11545,
11548,220.0 volt
11566,
11572,
11576,12.0 volt
11593,
11600,120.0 volt
11619,
11623,
11628,
11642,1.50 volt
11657,
11670,
11671,
11686,
11690,
11692,220.0 volt
11700,12.0 volt
11706,
11709,120.0 volt
11715,
11718,
11747,
11756,
11769,12.0 volt
11772,
11779,
11783,
11784,
11793,120.0 volt
11806,
11809,120.0 volt
11814,
11816,
11825,
11837,
11848,
11860,
11862,120.0 volt
11874,"[220.0, 240.0] volt"
11875,
11899,
11905,7.40 volt
11911,
11914,
11915,5.0 volt
11933,20.0 volt
11935,"[220.0, 240.0] volt"
11941,115.0 volt
11944,110.0 volt
11951,
11972,
12002,
12023,12.0 volt
12026,
12049,
12076,110.0 volt
12084,230.0 volt
12086,5.0 volt
12087,
12096,"[220.0, 240.0] volt"
12142,
12145,
12152,
12153,5.0 volt
12173,12.0 volt
12186,
12208,
12225,
12236,12.0 volt
12248,
12270,55.50 volt
12286,
12292,
12296,
12297,
12309,"[220.0, 240.0] volt"
12320,
12334,
12335,115.0 volt
12340,
12341,24.0 volt
12350,20.0 volt
12352,
12360,
12362,
12379,
12383,
12392,
12398,
12405,
12409,
12441,24.0 volt
12450,
12459,12.0 volt
12460,
12465,
12466,
12471,1.0 volt
12499,12.0 volt
12503,
12505,
12523,
12535,
12597,
12603,
12615,5.0 volt
12632,12.0 volt
12645,
12649,
12650,1012.0 volt
12655,
12670,18.0 volt
12675,
12692,
12696,120.0 volt
12705,
12727,260.0 volt
12731,
12733,
12734,
12745,
12755,
12766,
12776,
12798,
12799,
12804,
12811,
12812,7.0 volt
12828,
12834,
12838,
12840,
12842,21.60 volt
12854,
12867,
12890,120.0 volt
12913,
12915,5.0 volt
12935,60.0 volt
12938,24.0 volt
12948,
12952,2.0 volt
12962,12.0 volt
12980,
13007,
13016,3.70 volt
13056,
13065,
13069,
13071,
13074,
13090,
13103,12.0 volt
13105,
13124,
13131,
13132,7.45 volt
13139,
13143,7.40 volt
13147,12.0 volt
13168,
13181,2.0 volt
13185,
13186,9.0 volt
13191,
13208,
13213,
13214,
13219,
13239,
13242,
13244,
13245,13.70 volt
13263,2000.0 volt
13266,
13288,
13291,
13292,3003072.0 volt
13297,
13307,
13310,
13320,
13329,36.0 volt
13331,
13338,
13356,
13362,
13381,21.0 volt
13396,
13419,3.70 volt
13421,
13426,
13446,
13449,12.0 volt
13457,
13467,
13470,
13477,"[220.0, 240.0] volt"
13483,110.0 volt
13499,24.0 volt
13518,
13523,
13529,
13537,
13549,
13555,
13559,
13571,
13575,5.0 volt
13585,
13594,
13620,
13653,120.0 volt
13671,"[220.0, 240.0] volt"
13675,
13679,
13684,12.0 volt
13702,
13707,12.0 volt
13714,
13739,
13751,
13789,
13802,
13831,
13843,
13854,110.0 volt
13859,
13865,
13882,
13891,
13895,"220[220.0, 240.0] volt"
13904,12.0 volt
13908,
13913,
13919,8.0 volt
13933,
13940,
13959,120.0 volt
13961,
13974,
13981,
13988,
14004,
14006,5.0 volt
14013,12.0 volt
14033,4.80 volt
14035,
14043,
14045,40.0 volt
14046,
14060,110.0 volt
14106,
14115,
14146,115.0 volt
14154,4.80 volt
14162,
14163,
14167,220.0 volt
14174,
14187,
14205,
14211,
14227,
14247,12.0 volt
14263,
14267,12.0 volt
14273,
14305,
14311,125.0 volt
14322,
14327,
14337,
14349,3.85 volt
14357,
14361,
14363,120.0 volt
14365,
14378,
14379,
14384,120.0 volt
14391,
14393,1.0 volt
14394,20.0 volt
14401,
14402,
14414,125.0 volt
14420,
14429,120.0 volt
14441,
14449,
14454,3.70 volt
14455,
14461,
14465,"[220.0, 240.0] volt"
14467,120.0 volt
14491,5.0 volt
14503,
14509,12.0 volt
14516,
14526,
14534,220.0 volt
14536,4.80 volt
14548,
14550,
14558,
14564,
14576,
14596,
14609,24.0 volt
14612,
14613,
14619,
14652,120.0 volt
14657,
14664,
14680,
14685,
14692,
14700,
14719,
14726,120.0 volt
14729,120.0 volt
14731,
14732,
14755,2.40 volt
14756,
14758,3.70 volt
14780,12120.0 volt
14792,
14804,
14810,
14812,
14838,
14854,9.0 volt
14855,
14857,
14863,
14872,
14882,
14883,
14885,
14889,
14895,
14922,18.0 volt
14925,18.0 volt
14943,220.0 volt
14950,
14951,
14955,
14962,
14964,5.0 volt
14985,
15011,12.0 volt
15012,
15016,
15023,
15039,
15041,
15057,
15058,
15064,
15074,
15075,
15076,
15088,
15093,
15095,
15097,
15137,18.0 volt
15166,110.0 volt
15178,
15186,
15188,
15190,
15194,20.0 volt
15206,20.0 volt
15208,4500.0 volt
15227,
15233,12.0 volt
15239,
15242,
15246,110.0 volt
15256,
15262,120.0 volt
15270,
15276,
15277,4.0 volt
15281,20.0 volt
15289,
15296,
15307,
15326,21.0 volt
15337,
15374,
15386,
15391,
15412,12.0 volt
15429,
15461,
15466,12.0 volt
15469,
15471,
15478,
15484,3.70 volt
15490,12.0 volt
15496,
15501,
15502,
15518,
15524,
15534,
15539,18.0 volt
15569,
15571,"[220.0, 240.0] volt"
15574,
15582,
15594,
15600,24.0 volt
15608,
15612,
15631,
15632,
15640,12.0 volt
15645,18.0 volt
15647,
15661,7.40 volt
15663,
15666,
15671,
15673,120.0 volt
15696,
15722,
15740,14.90 volt
15742,
15747,
15778,
15804,120.0 volt
15809,
15832,
15842,3.70 volt
15861,5.0 volt
15864,
15868,20.0 volt
15881,
15885,
15897,5.0 volt
15908,220.0 volt
15916,5.0 volt
15920,
15926,94.0 volt
15930,
15934,
15937,220.0 volt
15944,
15947,
15949,
15953,
15955,
15957,
15977,
15982,110.0 volt
15990,
15993,120.0 volt
15997,20.0 volt
16002,
16044,110.0 volt
16059,
16077,
16089,
16094,2018.0 volt
16108,
16113,110.0 volt
16128,120.0 volt
16132,120.0 volt
16139,
16155,21.0 volt
16156,12.0 volt
16167,
16174,
16178,
16202,
16207,
16210,
16216,"[220.0, 240.0] volt"
16227,
16239,220.0 volt
16244,
16247,
16258,12.0 volt
16268,
16274,
16275,
16282,12.0 volt
16283,
16286,
16294,120.0 volt
16313,
16319,
16328,
16329,120.0 volt
16333,12.0 volt
16338,
16352,
16385,
16412,7.45 volt
16421,
16422,
16424,
16438,
16439,
16442,
16443,0.0 volt
16456,
16470,
16476,
16478,
16480,
16484,
16485,
16496,
16500,
16505,
16517,20.0 volt
16539,
16556,
16557,
16573,
16586,24.0 volt
16588,115.0 volt
16590,
16604,110.0 volt
16606,
16610,
16636,
16647,
16667,
16674,
16681,
16698,
16711,14.40 volt
16719,
16742,12.0 volt
16748,20.0 volt
16749,
16752,
16761,
16769,
16780,
16783,
16795,20.0 volt
16800,
16807,220.0 volt
16810,
16816,120.0 volt
16820,
16822,
16827,
16843,
16845,
16849,
16855,5.0 volt
16872,14.90 volt
16892,
16905,
16925,
16939,120.0 volt
16945,110.0 volt
16948,20.0 volt
16954,110.0 volt
16955,
16962,
16974,
16978,220.0 volt
16983,4.35 volt
16989,
17009,"[220.0, 240.0] volt"
17018,
17019,
17038,3.70 volt
17049,24.0 volt
17052,
17058,
17059,
17068,
17074,
17081,3.70 volt
17086,120.0 volt
17100,
17111,"[220.0, 240.0] volt"
17133,
17137,
17144,12.0 volt
17164,5.0 volt
17173,6.0 volt
17176,120.0 volt
17195,
17200,
17213,
17218,
17232,
17249,20.0 volt
17264,120.0 volt
17273,
17276,
17296,20.0 volt
17302,
17328,
17346,120.0 volt
17350,
17359,
17360,
17378,12.0 volt
17380,20.0 volt
17386,5.0 volt
17388,5.0 volt
17410,120.0 volt
17417,5.0 volt
17423,21.60 volt
17424,
17427,
17432,21.0 volt
17468,
17478,
17487,
17497,6.0 volt
17502,
17508,
17515,12.0 volt
17522,
17527,1700.0 volt
17555,
17561,
17565,
17570,24.0 volt
17585,
17605,230.0 volt
17610,
17625,
17630,
17643,
17681,
17687,
17689,
17694,
17739,"[220.0, 240.0] volt"
17787,
17789,12.0 volt
17791,
17792,
17798,
17801,
17805,
17814,115.0 volt
17815,
17828,
17841,
17846,6.0 volt
17865,
17868,20.0 volt
17869,
17884,
17887,120.0 volt
17921,
17925,
17929,
17935,12.0 volt
17943,
17949,
17953,
17965,
17977,
17991,12.0 volt
18014,24.0 volt
18024,
18029,
18036,220.0 volt
18059,
18061,
18068,
18076,120.0 volt
18087,3.0 volt
18100,
18106,230.0 volt
18108,7.40 volt
18116,
18138,12.0 volt
18140,
18146,220.0 volt
18151,
18157,6.0 volt
18164,
18176,
18180,16.0 volt
18181,
18184,
18216,
18220,14.90 volt
18233,
18236,9.0 volt
18237,
18258,5.0 volt
18264,20.0 volt
18271,
18304,
18305,18.0 volt
18318,
18331,120.0 volt
18337,
18352,220.0 volt
18359,15.0 volt
18376,
18380,
18386,
18391,
18397,12.0 volt
18419,3.0 volt
18449,
18457,
18464,
18465,5.0 volt
18468,
18477,
18481,
18492,3.60 volt
18508,
18509,
18516,
18526,
18541,
18552,
18566,
18568,
18570,"[220.0, 240.0] volt"
18578,115.0 volt
18579,
18590,
18600,1.20 volt
18621,
18634,5.0 volt
18641,
18645,5.0 volt
18653,
18659,
18664,6.0 volt
18671,
18672,2.0 volt
18694,
18723,
18724,
18732,
18748,
18751,20.0 volt
18754,
18768,220.0 volt
18776,
18787,12.0 volt
18796,24.0 volt
18803,120.0 volt
18816,120.0 volt
18885,
18949,3.70 volt
18957,
18959,
19015,
19089,
19104,
19143,78.0 volt
19145,
19189,
19226,
19239,
19265,
19271,
19304,12.0 volt
19311,5.0 volt
19347,
19367,
19369,
19417,
19436,
19478,
19491,
19492,
19532,100.0 volt
19554,5.0 volt
19557,
19564,
19583,
19629,220.0 volt
19675,5.0 volt
19681,
19694,
19702,
19705,
19708,110.0 volt
19758,
19795,
19797,
19828,
19833,
19849,
19853,
19859,
19871,
19886,
19907,
19924,
19956,
20007,
20016,24.0 volt
20020,
20120,
20156,
20183,
20186,220.0 volt
20230,12.0 volt
20242,"[220.0, 240.0] volt"
20271,220.0 volt
20322,
20360,
20392,
20411,
20491,24.0 volt
20501,
20528,12.0 volt
20538,
20541,
20557,
20560,
20599,
20601,12.0 volt
20645,
20664,
20676,180.0 volt
20717,24.0 volt
20738,20.0 volt
20782,
20790,
20792,
20805,
20826,
20928,
21007,
21037,
21041,
21071,
21085,220.0 volt
21087,
21125,
21179,
21206,
21216,5.0 volt
21223,220.0 volt
21249,4.20 volt
21289,
21290,
21319,
21373,
21383,
21396,
21397,
21479,
21488,16.80 volt
21502,
21505,
21560,
21656,
21660,
21676,18.0 volt
21728,
21731,
21737,18.0 volt
21787,12.0 volt
21804,
21805,
21831,
21840,24.0 volt
21865,
21878,
21908,
21950,12.0 volt
21962,20.0 volt
22026,
22045,110.0 volt
22053,120.0 volt
22107,
22137,
22141,8.0 volt
22142,120.0 volt
22155,151.20 volt
22170,
22171,20.0 volt
22177,
22181,
22219,100.0 volt
22224,12.0 volt
22254,
22269,11.10 volt
22271,
22291,
22314,
22330,
22350,
22358,12.0 volt
22435,"[220.0, 240.0] volt"
22489,
22491,
22498,
22523,
22528,
22549,
22564,
22573,
22574,
22576,
22610,160.0 volt
22614,
22622,
22641,
22669,
22673,
22677,
22699,115.0 volt
22715,
22750,360.0 volt
22753,
22776,
22823,
22824,
22837,20.0 volt
22881,21.0 volt
22894,
22916,
22948,5.0 volt
22951,
22972,
22983,
23022,115.0 volt
23023,
23024,
23041,
23086,
23104,
23119,
23122,
23199,21.0 volt
23205,
23249,
23307,
23314,
23349,
23374,
23388,
23404,12.0 volt
23408,24.0 volt
23415,12.0 volt
23438,
23452,
23503,20.0 volt
23569,
23572,
23662,230.0 volt
23682,
23684,115.0 volt
23721,12.0 volt
23740,
23742,
23750,
23767,115.0 volt
23775,
23798,24.0 volt
23800,120.0 volt
23813,110.0 volt
23824,
23850,
23869,
23893,
23960,
23980,18.0 volt
24006,
24033,12.0 volt
24137,120.0 volt
24161,24.0 volt
24224,15.0 volt
24255,220.0 volt
24264,
24280,
24323,230.0 volt
24339,
24352,"[220.0, 240.0] volt"
24355,12.0 volt
24390,
24403,5.0 volt
24419,
24442,115.0 volt
24498,
24521,24.0 volt
24541,3.0 volt
24554,120.0 volt
24558,25.0 volt
24598,110.0 volt
24607,
24629,
24649,50.50 volt
24659,12.0 volt
24664,24.0 volt
24698,
24712,20.0 volt
24741,"[220.0, 240.0] volt"
24749,
24754,
24757,"[220.0, 240.0] volt"
24791,
24799,
24850,12.0 volt
24876,"[220.0, 240.0] volt"
24888,12.0 volt
24943,
24964,
24971,
24995,110.0 volt
25012,
25079,
25080,12.0 volt
25121,3.70 volt
25149,24.0 volt
25156,18.0 volt
25160,9.0 volt
25164,
25179,
25191,
25201,
25216,230.0 volt
25264,120.0 volt
25273,20.0 volt
25275,12.0 volt
25290,2230303.6 volt
25315,
25330,30.0 volt
25367,
25368,
25377,
25409,
25410,
25439,
25474,20.0 volt
25487,
25524,
25525,
25689,
25695,
25714,
25726,12.0 volt
25762,28.0 volt
25765,
25769,
25772,
25778,
25783,
25830,20.0 volt
25835,
25842,12.0 volt
25852,
25868,9.0 volt
25884,21.0 volt
25912,
25919,
25968,
26005,
26011,24.0 volt
26018,
26026,120.0 volt
26029,
26034,12.0 volt
26047,
26054,
26069,230.0 volt
26071,
26099,
26103,24.0 volt
26140,
26174,
26189,
26225,
26231,12.0 volt
26234,
26246,
26305,
26308,
26316,
26339,12.0 volt
26371,120.0 volt
26475,
26583,
26592,
26611,5.0 volt
26666,
26667,
26681,
26757,
26761,
26820,
26845,120.0 volt
26847,
26877,115.0 volt
26944,
26949,
26958,
26993,110.0 volt
27066,
27072,30.0 volt
27098,
27123,12.0 volt
27175,12.0 volt
27180,24.0 volt
27255,
27263,
27305,28.0 volt
27335,
27352,
27384,
27407,
27428,
27470,170.0 volt
27484,6.0 volt
27516,12.0 volt
27524,18.0 volt
27548,
27581,7.40 volt
27592,
27598,
27658,
27720,
27732,12.0 volt
27736,
27739,21.0 volt
27751,12.0 volt
27808,
27857,
27898,
27902,5.0 volt
27921,
27928,
27934,7.40 volt
27963,
27984,
27992,
28011,420.0 volt
28055,
28056,3.60 volt
28104,5.0 volt
28172,
28209,
28217,5.0 volt
28221,
28233,
28234,
28237,
28250,
28260,220.0 volt
28278,120.0 volt
28296,
28312,115.0 volt
28330,12.0 volt
28411,
28428,
28435,
28436,48.0 volt
28440,110.0 volt
28445,21.60 volt
28453,
28460,24.0 volt
28540,"[220.0, 240.0] volt"
28549,
28552,12.0 volt
28564,
28575,36.0 volt
28584,12.0 volt
28663,
28727,
28731,3.80 volt
28734,
28758,110.0 volt
28764,
28765,
28788,
28803,
28882,
28883,
28891,
28956,12.0 volt
29024,110.0 volt
29053,
29077,
29087,
29100,
29167,
29187,
29194,"[220.0, 240.0] volt"
29209,20.0 volt
29223,
29233,
29318,
29327,
29364,120.0 volt
29386,20.0 volt
29425,
29430,
29443,
29489,
29494,
29523,5.0 volt
29601,24.0 volt
29603,12.0 volt
29617,
29682,120.0 volt
29721,
29751,
29796,60.0 volt
29857,
29893,115.0 volt
29898,
29902,
29915,
29938,
29970,12.0 volt
29974,
29981,
29985,
29988,
30024,
30106,
30156,
30167,
30174,
30205,
30260,
30283,
30290,
30319,110.0 volt
30333,115.0 volt
30336,12.0 volt
30376,5.0 volt
30383,3.80 volt
30391,
30460,
30488,48.0 volt
30511,
30526,110.0 volt
30528,
30531,
30569,
30574,
30576,
30596,
30610,
30615,
30684,
30728,"[220.0, 240.0] volt"
30735,80.0 volt
30742,12.0 volt
30757,
30805,
30818,
30840,
30846,
30892,
30938,
30990,24.0 volt
31034,
31037,
31081,
31118,
31120,
31124,
31145,
31164,
31171,
31174,
31177,
31186,
31282,115.0 volt
31310,110.0 volt
31317,
31326,
31350,
31409,12.0 volt
31414,3.70 volt
31457,
31498,
31520,21.0 volt
31606,10.0 volt
31609,
31615,12.0 volt
31626,
31649,12.0 volt
31661,
31669,
31713,
31738,
31801,
31838,
31857,
31869,24.0 volt
31939,12.0 volt
31943,110.0 volt
31966,
31977,
31994,
32063,
32083,20.0 volt
32210,
32214,
32247,7.40 volt
32254,110.0 volt
32286,
32298,220.0 volt
32356,
32372,
32378,110.0 volt
32397,
32466,115.0 volt
32532,
32563,
32584,18.0 volt
32618,24.0 volt
32646,230.0 volt
32668,
32708,
32727,420.0 volt
32769,5.0 volt
32788,
32797,21.0 volt
32822,
32836,
32842,
32860,
32896,12.0 volt
32898,12.0 volt
32905,
32913,18.0 volt
32917,
32940,
32961,6.0 volt
32964,5.0 volt
32974,
32976,24.0 volt
33017,
33021,
33029,
33083,
33087,
33106,
33109,"[220.0, 240.0] volt"
33119,
33141,
33195,
33197,
33282,
33287,12.0 volt
33325,
33357,
33376,
33385,
33388,110.0 volt
33398,81.0 volt
33467,
33493,
33562,
33589,
33592,
33632,"[220.0, 240.0] volt"
33660,
33688,
33690,
33769,
33789,
33814,
33834,"[220.0, 240.0] volt"
33869,110.0 volt
33876,190.0 volt
33880,
33885,85308.0 volt
33967,
33972,"[220.0, 240.0] volt"
33983,12.0 volt
33997,
34003,
34039,18.0 volt
34056,
34058,
34077,
34121,
34178,
34195,
34202,
34204,21.0 volt
34211,
34218,
34238,18.0 volt
34244,18.0 volt
34294,
34298,220.0 volt
34333,10.0 volt
34341,5.0 volt
34418,120.0 volt
34477,24.0 volt
34482,
34531,20.0 volt
34574,
34582,
34594,24.0 volt
34640,
34650,12.0 volt
34652,
34697,
34714,
34726,12.0 volt
34760,18.0 volt
34769,12.0 volt
34787,
34844,
34872,
34890,
34903,12.0 volt
34906,
34943,
35002,
35062,
35078,120.0 volt
35096,
35143,
35222,12.0 volt
35259,
35361,80151.0 volt
35387,
35441,
35487,
35508,
35515,18.0 volt
35533,
35545,
35553,
35592,
35683,118.0 volt
35696,
35782,
35792,12.0 volt
35806,
35818,12.0 volt
35898,
35924,12.0 volt
35938,
35979,
36001,
36004,110.0 volt
36006,
36023,220.0 volt
36107,
36137,
36160,
36174,
36179,
36190,220.0 volt
36241,
36278,
36305,5.0 volt
36326,5.0 volt
36329,
36331,
36333,120.0 volt
36355,21.0 volt
36394,
36424,
36448,
36457,
36487,
36572,
36650,
36659,
36671,50101.0 volt
36681,110.0 volt
36713,
36740,
36762,
36778,
36790,
36937,
36959,
36977,
36984,
37042,
37043,14.90 volt
37064,
37077,
37102,
37109,12.0 volt
37177,
37198,
37209,110.0 volt
37215,
37316,
37342,
37366,
37377,
37399,50101.0 volt
37406,
37413,12.0 volt
37470,
37516,
37604,24.0 volt
37628,20.0 volt
37662,
37667,24.0 volt
37669,12.0 volt
37780,
37798,17230.0 volt
37852,
37863,
37869,115.0 volt
37948,115.0 volt
37975,18.0 volt
37978,24.0 volt
37990,
37999,
38056,20.0 volt
38122,
38128,21.0 volt
38148,
38155,
38160,12.0 volt
38162,"[220.0, 240.0] volt"
38169,
38183,
38187,
38189,
38195,
38305,
38310,110.0 volt
38341,
38347,3.02 volt
38354,
38481,
38523,110.0 volt
38548,
38558,
38568,
38581,85.0 volt
38660,19000.0 volt
38704,24.0 volt
38738,
38765,
38770,"[220.0, 240.0] volt"
38771,
38787,
38882,2.0 volt
38921,
38953,5.0 volt
39021,3.70 volt
39088,41.50 volt
39113,
39122,
39126,
39152,12.0 volt
39156,36.0 volt
39181,
39274,"[220.0, 240.0] volt"
39307,
39313,
39330,110.0 volt
39397,
39404,1.20 volt
39406,12.0 volt
39472,
39477,
39498,
39564,
39587,115.0 volt
39628,20.0 volt
39634,
39672,
39699,
39721,7.40 volt
39723,2.40 volt
39842,
39871,110.0 volt
39877,
39887,2.0 volt
39941,12.0 volt
39974,18.0 volt
39992,110.0 volt
39993,2.0 volt
39998,
40004,
40008,
40027,
40038,120.0 volt
40069,
40110,"[220.0, 240.0] volt"
40122,
40161,
40179,
40203,18.0 volt
40205,4.40 volt
40245,
40247,2.40 volt
40267,
40286,
40368,
40372,
40379,
40391,
40401,
40425,
40468,251.0 volt
40480,20.0 volt
40507,
40566,21.0 volt
40584,
40618,
40633,
40640,
40657,
40698,
40710,
40770,
40787,
40837,120.0 volt
40855,
40897,
40946,
40947,
40956,5.0 volt
40962,110.0 volt
41101,
41156,
41179,
41180,12.0 volt
41186,18.0 volt
41268,
41278,120.0 volt
41296,24.0 volt
41333,56.0 volt
41338,4.20 volt
41340,120.0 volt
41350,20.0 volt
41356,
41361,1.35 volt
41436,
41484,12.0 volt
41520,
41548,
41559,3.70 volt
41568,
41579,20.0 volt
41620,
41627,
41643,
41649,
41686,
41702,30.0 volt
41736,
41769,
41800,12.0 volt
41824,
41847,12.0 volt
41862,
41932,4.50 volt
41947,
41952,
42044,12.0 volt
42096,
42118,21.0 volt
42136,
42208,21.0 volt
42214,25.0 volt
42231,18.0 volt
42262,
42288,
42294,
42335,
42367,115.0 volt
42374,
42437,
42439,
42443,12.0 volt
42459,12.0 volt
42462,
42480,100.0 volt
42492,
42546,
42554,50201.0 volt
42587,"[220.0, 240.0] volt"
42646,12.0 volt
42667,
42683,"[220.0, 240.0] volt"
42708,
42722,
42750,
42759,115.0 volt
42769,
42844,
42847,
42860,4.20 volt
42872,12.0 volt
42914,
43031,
43100,
43109,4.35 volt
43156,
43190,
43205,
43235,7.40 volt
43239,20.0 volt
43268,
43349,5.0 volt
43379,12.0 volt
43391,
43430,1.50 volt
43451,
43467,
43502,"[220.0, 240.0] volt"
43515,
43518,
43555,
43581,
43596,12.0 volt
43604,
43609,"[220.0, 240.0] volt"
43637,120.0 volt
43663,24.0 volt
43686,
43692,
43705,
43707,
43766,
43781,
43803,
43824,5.0 volt
43954,20.0 volt
43958,
43968,
44035,"[220.0, 240.0] volt"
44067,110.0 volt
44070,
44076,
44080,120.0 volt
44124,
44137,
44156,
44260,5.0 volt
44266,
44313,
44327,
44353,
44402,
44437,"[220.0, 240.0] volt"
44438,
44463,12.0 volt
44539,
44567,21.0 volt
44585,
44594,
44618,
44628,
44700,21.0 volt
44710,
44732,
44735,120.0 volt
44753,
44792,
44796,
44801,
44842,5.0 volt
44851,5.0 volt
44873,
44876,
44929,24.0 volt
44950,
44960,5.0 volt
44965,38.0 volt
44973,
44993,
45037,
45094,14.90 volt
45105,
45118,
45141,
45155,
45180,
45184,
45191,120.0 volt
45208,
45211,
45259,5.0 volt
45281,
45297,
45320,
45336,
45367,
45401,110.0 volt
45436,120.0 volt
45452,"[220.0, 240.0] volt"
45461,
45463,
45475,
45496,20.0 volt
45517,
45534,
45557,
45562,"[220.0, 240.0] volt"
45566,
45606,"[220.0, 240.0] volt"
45613,
45648,
45666,
45670,
45680,
45685,
45689,
45718,
45738,
45794,
45801,
45822,
45842,2.50 volt
45850,
45862,
45869,
45880,12.0 volt
45925,
45933,
45964,
45967,18.0 volt
45991,
46013,
46026,
46046,
46050,
46065,
46077,
46095,
46098,24.0 volt
46127,72.0 volt
46152,
46158,
46212,12.0 volt
46218,
46231,
46248,
46273,
46373,
46380,12.0 volt
46452,
46465,
46490,
46493,3.70 volt
46600,
46611,
46630,
46645,
46689,
46704,
46741,220.0 volt
46758,
46785,120.0 volt
46789,110.0 volt
46807,
46814,12.0 volt
46879,
46929,12.0 volt
46983,
46996,
47013,
47016,
47038,
47065,
47072,
47090,
47096,24.0 volt
47111,
47149,16523002.0 volt
47192,
47196,
47227,
47248,
47270,12.0 volt
47323,120.0 volt
47364,
47399,
47450,
47458,12.0 volt
47495,
47506,
47512,
47532,
47547,
47569,
47589,
47599,
47602,
47629,
47646,
47654,
47661,60.0 volt
47682,
47698,
47703,
47708,20.0 volt
47717,"[220.0, 240.0] volt"
47724,
47763,230.0 volt
47792,
47809,12.0 volt
47814,220.0 volt
47816,
47820,
47866,
47931,48.0 volt
47958,
47977,
48051,7.40 volt
48081,
48084,
48097,
48111,110.0 volt
48142,
48175,"[220.0, 240.0] volt"
48192,22.20 volt
48197,
48231,
48236,
48268,
48283,12.0 volt
48296,
48378,
48411,18.0 volt
48477,
48479,
48515,21.0 volt
48519,
48547,
48551,
48606,
48609,120.0 volt
48636,
48648,125.0 volt
48653,
48655,
48663,
48686,
48708,
48715,
48751,
48770,
48772,
48822,
48823,120.0 volt
48870,
48883,5.0 volt
48899,
48952,
49056,
49091,120.0 volt
49108,
49146,12.0 volt
49148,
49151,
49165,
49173,
49223,
49225,220.0 volt
49238,12.0 volt
49252,5.0 volt
49276,
49342,
49355,20.0 volt
49364,
49375,12.0 volt
49397,
49406,
49408,230.0 volt
49473,
49492,115.0 volt
49497,
49502,
49505,
49534,
49558,
49571,
49628,
49675,
49685,
49698,
49704,
49753,1.20 volt
49798,
49799,18.0 volt
49809,
49832,
49844,120.0 volt
49846,24.0 volt
49951,
49955,
49968,
50027,
50078,5.0 volt
50098,
50130,
50137,2.50 volt
50153,20.0 volt
50196,3.80 volt
50217,
50232,
50254,
50258,
50261,
50335,24.0 volt
50416,
50449,
50468,
50502,3.85 volt
50510,
50538,
50541,
50566,
50572,
50597,8.0 volt
50639,
50679,1.50 volt
50723,
50727,21.0 volt
50741,
50811,
50847,
50905,
50932,
50942,
50999,
51019,12.0 volt
51163,
51218,
51220,
51262,
51266,12.0 volt
51344,
51378,
51381,
51411,
51420,
51425,
51499,"[220.0, 240.0] volt"
51507,250.0 volt
51512,5.0 volt
51598,
51610,
51642,
51666,
51709,
51711,
51731,12.0 volt
51738,20.0 volt
51775,
51792,
51799,
51841,
51853,
51865,
51924,
51943,
51981,"[220.0, 240.0] volt"
52004,220.0 volt
52011,
52023,
52064,
52073,
52109,
52114,12.0 volt
52118,
52147,
52152,18.0 volt
52192,
52218,
52295,21.0 volt
52323,4.20 volt
52325,
52353,
52384,
52392,
52434,
52436,
52446,12.0 volt
52471,
52532,
52598,5.0 volt
52637,
52644,
52720,
52749,12.0 volt
52769,
52811,220.0 volt
52841,
52854,
52884,
52929,110.0 volt
52960,
52988,
53163,
53170,
53229,
53249,
53260,12.0 volt
53316,
53340,
53403,
53410,
53415,110.0 volt
53429,11.10 volt
53459,21.0 volt
53470,
53476,
53482,120.0 volt
53560,
53594,
53598,7.40 volt
53609,
53611,
53663,
53687,1212.0 volt
53727,
53798,
53811,
53814,
53846,5.0 volt
53867,
53899,
53990,12.0 volt
53994,
54028,
54030,
54074,
54079,
54120,
54125,24.0 volt
54173,5.0 volt
54232,
54251,12.0 volt
54281,24.0 volt
54285,9525.0 volt
54300,12.0 volt
54307,
54369,
54391,
54490,
54493,21.0 volt
54502,
54529,120.0 volt
54538,2.0 volt
54564,
54607,
54620,
54647,
54650,24.0 volt
54656,
54676,
54692,
54747,
54770,
54794,110.0 volt
54820,
54869,9.0 volt
54907,30.0 volt
54936,5.0 volt
54953,
54994,
55001,"[220.0, 240.0] volt"
55008,120.0 volt
55040,
55044,12.0 volt
55052,
55073,
55077,
55120,
55127,
55141,
55151,12.0 volt
55209,"200[220.0, 240.0] volt"
55229,
55269,
55296,25.0 volt
55332,220.0 volt
55374,
55398,
55409,24.0 volt
55422,
55432,28.0 volt
55439,
55454,
55462,115.0 volt
55507,115.0 volt
55521,
55575,"[220.0, 240.0] volt"
55578,
55586,
55620,
55626,20.0 volt
55734,
55740,
55784,120.0 volt
55804,21.0 volt
55819,
55859,
55893,
55928,
55959,12.0 volt
55963,12.0 volt
56016,
56052,120.0 volt
56056,
56063,
56085,
56120,
56201,5.0 volt
56221,
56227,5.0 volt
56233,12.0 volt
56241,40102.0 volt
56332,
56341,47.14 volt
56379,
56398,
56429,
56448,20.0 volt
56472,
56483,
56523,220.0 volt
56528,24.0 volt
56534,
56578,
56586,230.0 volt
56596,
56641,
56642,
56663,
56694,
56718,24.0 volt
56733,
56790,
56827,13.80 volt
56836,
56846,
56905,
56906,20.0 volt
56911,
56916,20.0 volt
56923,48.0 volt
56969,
56986,5.0 volt
57003,110.0 volt
57036,
57054,
57080,12.0 volt
57085,
57115,
57117,60.0 volt
57217,
57240,
57262,21.0 volt
57280,
57312,
57356,53.0 volt
57414,
57419,
57425,21.0 volt
57459,110.0 volt
57505,
57526,
57585,
57619,115.0 volt
57630,
57639,21.0 volt
57663,5.0 volt
57716,
57721,
57852,
57911,15.20 volt
57932,
57951,
57972,
58036,
58063,
58068,
58132,
58153,18.0 volt
58171,20.0 volt
58235,
58254,120.0 volt
58256,15.0 volt
58259,"[220.0, 240.0] volt"
58286,
58299,12.0 volt
58315,12.0 volt
58326,
58329,24.0 volt
58401,
58427,
58430,
58456,
58528,21.60 volt
58532,
58537,115.0 volt
58570,
58658,
58677,
58686,
58690,8.0 volt
58701,25.0 volt
58827,
58899,4.0 volt
58904,
58956,
58965,12.0 volt
58972,110.0 volt
58983,13.0 volt
59065,12.0 volt
59080,
59088,
59111,
59121,12.0 volt
59147,
59151,12.0 volt
59172,
59177,
59191,21.0 volt
59199,11.10 volt
59215,
59288,
59301,12.0 volt
59308,
59325,
59335,
59340,
59367,230208.0 volt
59416,18.0 volt
59450,
59467,
59471,
59585,
59587,
59630,28.0 volt
59633,20.0 volt
59673,
59680,
59718,
59752,
59843,
59886,
59919,115.0 volt
59929,12.0 volt
59963,
59978,110.0 volt
60010,
60037,7.40 volt
60040,
60041,
60048,
60078,18.0 volt
60080,
60087,5.0 volt
60097,
60178,
60221,
60251,18.0 volt
60255,53.0 volt
60278,
60293,
60299,
60320,
60359,
60363,100.0 volt
60398,
60405,12.0 volt
60434,6.0 volt
60437,48.0 volt
60458,220.0 volt
60550,
60574,
60584,
60586,
60637,4.50 volt
60666,3.0 volt
60669,
60744,
60750,"[220.0, 240.0] volt"
60783,
60814,
60837,
60858,120.0 volt
60898,12.0 volt
60931,
60963,24.0 volt
61007,
61013,
61042,
61043,
61093,120.0 volt
61137,
61141,
61223,
61225,
61265,208230.0 volt
61277,
61352,
61375,
61396,120.0 volt
61420,12.0 volt
61441,
61451,
61507,
61522,3.80 volt
61523,5.0 volt
61532,
61568,
61572,25.0 volt
61628,21.0 volt
61668,
61688,36.0 volt
61719,
61747,
61752,
61763,220.0 volt
61770,12.0 volt
61824,
61860,120.0 volt
61867,
61948,1225.0 volt
61957,7.40 volt
61977,12.0 volt
61987,
62004,
62010,"[220.0, 240.0] volt"
62065,
62133,
62150,20.0 volt
62152,
62158,12.0 volt
62200,
62233,12.0 volt
62346,
62360,
62368,5.0 volt
62383,24.0 volt
62428,
62472,21.0 volt
62509,20.0 volt
62510,
62558,
62561,
62603,
62620,
62627,
62650,
62654,
62658,
62681,
62703,12.0 volt
62754,4.20 volt
62807,120.0 volt
62810,
62814,21.0 volt
62845,
62861,
62913,
62933,
62969,
63015,
63061,
63066,
63079,"[220.0, 240.0] volt"
63085,"[220.0, 240.0] volt"
63119,420.0 volt
63137,1.20 volt
63144,
63151,
63154,
63157,
63189,
63193,12.0 volt
63213,
63244,
63322,
63358,
63407,
63420,120.0 volt
63437,12.0 volt
63440,110.0 volt
63464,
63551,
63554,
63584,
63633,
63643,
63669,
63697,16.0 volt
63713,
63715,
63730,
63750,
63761,20.0 volt
63791,
63813,
63828,
63839,"[220.0, 240.0] volt"
63865,
64038,"[220.0, 240.0] volt"
64051,
64056,20.0 volt
64077,12.0 volt
64090,
64109,12.0 volt
64125,110.0 volt
64149,
64157,
64169,24.0 volt
64203,
64278,18.0 volt
64280,
64343,
64358,
64371,
64391,
64398,
64400,
64408,
64450,380.0 volt
64464,
64478,
64487,18.0 volt
64504,
64527,
64534,
64546,
64563,94.0 volt
64570,110.0 volt
64607,
64613,
64677,
64679,
64683,
64707,230.0 volt
64722,5.0 volt
64733,
64735,
64874,
64902,
64904,127.0 volt
64935,
64942,12.0 volt
65052,21.0 volt
65075,18.0 volt
65106,
65158,
65167,
65186,
65195,20.0 volt
65198,2.40 volt
65203,5.0 volt
65237,
65284,120.0 volt
65287,110.0 volt
65326,12.0 volt
65328,60.0 volt
65394,
65431,"[220.0, 240.0] volt"
65436,
65451,48.0 volt
65476,
65560,
65569,
65577,
65580,12120.0 volt
65681,13.20 volt
65687,
65693,230.0 volt
65695,
65724,1.20 volt
65744,380.0 volt
65780,
65861,5.0 volt
65867,220.0 volt
65870,12.0 volt
65910,1.20 volt
65943,
65944,
65961,120.0 volt
66048,
66102,24.0 volt
66128,12.0 volt
66189,20.0 volt
66263,4.20 volt
66265,
66286,
66318,24.0 volt
66333,15.0 volt
66340,
66391,
66430,
66454,18.0 volt
66475,
66484,
66512,2.0 volt
66519,115.0 volt
66526,18.0 volt
66529,
66535,
66559,21.0 volt
66580,24.0 volt
66583,
66620,
66637,12.0 volt
66747,
66836,
66845,
66894,
66929,18.0 volt
66950,
66962,100.0 volt
67014,
67022,
67034,826.0 volt
67069,"[220.0, 240.0] volt"
67109,110.0 volt
67151,"[220.0, 240.0] volt"
67160,120.0 volt
67180,
67189,12.0 volt
67230,110.0 volt
67235,
67249,
67344,
67348,230.0 volt
67382,
67409,
67413,
67420,
67425,
67468,
67488,
67575,1.20 volt
67597,12.0 volt
67598,
67657,24.0 volt
67678,12.0 volt
67730,
67744,115.0 volt
67758,13.0 volt
67761,12.0 volt
67828,
67840,
67849,24.0 volt
67856,5.0 volt
67865,
67895,
67905,
67944,12.0 volt
67955,
67988,
68001,
68055,
68120,
68127,36.0 volt
68139,
68155,
68178,
68192,5206.0 volt
68329,
68331,12.0 volt
68397,
68452,
68458,120.0 volt
68463,
68503,
68521,
68522,12.0 volt
68551,12.0 volt
68568,12.0 volt
68576,
68617,12.0 volt
68624,
68638,12.0 volt
68685,
68689,
68696,
68714,
68721,
68752,6.0 volt
68759,12.0 volt
68766,2250306.0 volt
68785,
68819,
68829,15.0 volt
68844,
68849,7.40 volt
68851,
68888,
68915,
68918,110.0 volt
68939,9.0 volt
68982,
69004,220.0 volt
69020,
69035,
69060,
69073,24.0 volt
69081,18.0 volt
69083,
69085,
69101,
69121,
69189,
69199,
69274,24.0 volt
69281,
69288,18.0 volt
69305,12.0 volt
69377,
69407,7.40 volt
69414,
69437,
69488,
69501,"[220.0, 240.0] volt"
69551,24.0 volt
69561,12.0 volt
69582,
69602,
69644,
69645,
69661,12.0 volt
69670,
69697,5.0 volt
69711,
69718,
69722,
69764,
69784,
69799,
69804,24.0 volt
69817,
69889,
69895,
69951,5.0 volt
69965,125.0 volt
69966,
69982,18.0 volt
70001,
70014,
70022,
70057,
70112,11.55 volt
70181,12.0 volt
70191,
70245,
70274,
70337,
70387,18.0 volt
70422,
70425,
70433,
70440,
70441,12.0 volt
70453,5.0 volt
70493,7.0 volt
70544,
70550,19835.0 volt
70588,
70602,20.0 volt
70617,
70623,
70646,
70648,
70684,
70690,
70697,
70793,
70818,
70834,
70846,
70866,5.0 volt
70918,12001.0 volt
70999,120.0 volt
71031,5.0 volt
71050,
71151,
71221,4.40 volt
71258,12.0 volt
71275,18.0 volt
71280,48.0 volt
71292,3.70 volt
71313,
71390,
71397,
71420,
71451,
71473,
71492,
71539,
71542,
71609,28.0 volt
71643,20.0 volt
71651,
71660,
71683,
71718,
71768,
71770,
71775,110.0 volt
71804,
71817,
71864,220.0 volt
71919,
71942,
71956,
71963,100.0 volt
71969,
71984,
72011,
72021,24.0 volt
72043,
72147,
72184,
72270,
72347,
72359,
72361,5.0 volt
72385,
72387,
72396,
72404,21.0 volt
72420,
72424,
72470,5.0 volt
72483,
72494,
72558,
72592,
72612,
72622,
72629,
72661,120.0 volt
72698,
72705,8.0 volt
72717,
72725,
72731,
72740,
72807,
72856,
72874,
72898,
72903,
72916,18.0 volt
72979,
72994,
72998,110.0 volt
73048,19.50 volt
73091,
73110,24.0 volt
73130,
73134,
73148,
73155,
73193,
73210,20.0 volt
73223,5.0 volt
73228,
73235,
73251,
73257,
73278,
73293,110.0 volt
73311,
73345,
73347,
73356,
73418,14.90 volt
73458,20.0 volt
73465,48.0 volt
73468,
73480,21.0 volt
73494,
73499,30.0 volt
73508,
73546,
73560,
73574,
73600,
73634,120.0 volt
73652,
73654,
73657,
73677,4.20 volt
73699,
73700,12.0 volt
73717,20.0 volt
73724,21.0 volt
73749,
73821,20.0 volt
73831,12.0 volt
73834,
73836,3.80 volt
73842,48.0 volt
73878,120.0 volt
73884,
73899,
73911,24.0 volt
73946,
73978,
74006,21.0 volt
74015,
74048,
74083,
74115,5.0 volt
74122,
74215,
74220,8.0 volt
74302,20.0 volt
74307,
74332,230.0 volt
74365,
74373,
74380,24.0 volt
74392,
74396,
74428,
74542,
74574,
74576,24.0 volt
74699,"[220.0, 240.0] volt"
74764,
74786,
74792,
74808,100.0 volt
74811,28.0 volt
74871,
74879,20.0 volt
74921,
74940,41.20 volt
74964,110.0 volt
74988,
75022,12.0 volt
75047,
75072,120.0 volt
75099,24.0 volt
75101,0.0 volt
75134,230.0 volt
75137,
75147,"[220.0, 240.0] volt"
75150,
75170,12.0 volt
75208,
75244,
75258,120.0 volt
75265,20.0 volt
75277,
75294,
75298,
75305,110.0 volt
75313,
75317,21.0 volt
75353,
75369,
75452,
75473,21.0 volt
75483,
75489,
75504,3.85 volt
75519,
75528,120.0 volt
75589,60151.0 volt
75594,
75598,12.0 volt
75615,
75618,120.0 volt
75633,230.0 volt
75678,
75690,5.02 volt
75730,5.0 volt
75750,123682016.0 volt
75780,
75806,80.0 volt
75819,
75824,
75834,
75927,120.0 volt
75934,115.0 volt
75942,
75944,120.0 volt
76070,
76096,
76121,
76127,
76137,12.0 volt
76146,12.0 volt
76155,1.20 volt
76174,
76175,360.0 volt
76196,
76202,
76229,
76237,
76347,41.50 volt
76375,150.0 volt
76405,24.0 volt
76496,
76501,
76529,
76547,12.0 volt
76597,
76641,
76660,
76669,
76728,
76747,
76754,20.0 volt
76759,
76764,
76791,12.0 volt
76797,
76829,3.60 volt
76832,
76854,
76855,5.0 volt
76892,
76927,4.0 volt
76985,
77025,
77060,24.0 volt
77065,7.40 volt
77108,94.0 volt
77116,
77168,
77171,12.0 volt
77204,
77288,1.35 volt
77351,
77419,120.0 volt
77638,1.10 volt
77645,4.20 volt
77769,5.0 volt
78095,
78241,
79050,12.0 volt
79220,
79446,24.0 volt
79646,12.0 volt
79813,
79952,12.0 volt
80656,
81272,12.0 volt
81953,24.0 volt
82094,110.0 volt
82108,12.0 volt
82344,12.0 volt
83015,11.0 volt
83340,220.0 volt
83472,
83518,
83614,110.0 volt
83802,12.0 volt
84232,220.0 volt
84459,20.0 volt
84538,
84971,5.0 volt
85395,57.0 volt
85814,1.20 volt
85986,
86735,
86836,
87450,12.0 volt
87863,120.0 volt
87943,12.0 volt
89014,28.0 volt
89676,12.0 volt
90460,
90479,
90543,
90720,
90862,
90870,
90933,
91021,
91346,5.0 volt
91399,8.0 volt
91657,
91768,
92156,12.0 volt
92261,
92366,
92518,24.0 volt
92810,13.0 volt
92917,115.0 volt
93180,24.0 volt
93552,
93896,
94902,220.0 volt
94928,120.0 volt
95323,12.0 volt
95543,
95563,"[220.0, 240.0] volt"
95777,220.0 volt
95902,"[220.0, 240.0] volt"
96003,
96227,
97180,
97908,36.0 volt
98890,
99138,12.0 volt
99141,
99434,120.0 volt
99855,
99956,
100542,2.50 volt
100738,2.50 volt
100747,
100845,5.0 volt
100871,8.0 volt
100894,
101143,12.0 volt
101196,110.0 volt
101688,
101884,12.0 volt
102027,1.10 volt
102354,
102527,20.0 volt
102608,12.0 volt
102610,72.0 volt
102653,5.0 volt
102963,
103264,21.35 volt
103525,24.0 volt
104200,120.0 volt
104359,
104431,
105400,12.0 volt
105983,
106805,120.0 volt
106815,
107883,
107905,
108340,
108427,5.0 volt
108438,220.0 volt
108457,"[220.0, 240.0] volt"
108478,1.35 volt
108491,12.0 volt
108494,
108495,220.0 volt
108501,
108508,
108512,
108543,5.0 volt
108555,12.0 volt
108607,
108610,
108654,12.0 volt
108668,2666.0 volt
108669,110.0 volt
108671,"[220.0, 240.0] volt"
108701,12.0 volt
108708,
108714,230.0 volt
108719,220.0 volt
108729,12.0 volt
108762,5.0 volt
108767,
108777,115.0 volt
108817,
108819,
108828,
108854,
108890,12.0 volt
108894,
108913,
108937,
108951,
108972,
108985,50201.0 volt
108989,
109014,
109021,
109058,1.20 volt
109059,20.0 volt
109078,12.0 volt
109089,
109095,110.0 volt
109100,
109118,
109119,
109148,
109151,
109155,
109165,"[220.0, 240.0] volt"
109174,"[220.0, 240.0] volt"
109199,12.0 volt
109202,
109238,
109239,
109263,
109282,
109306,120.0 volt
109313,
109331,
109352,
109362,
109366,
109384,
109432,"[220.0, 240.0] volt"
109437,12.0 volt
109463,1.20 volt
109470,
109495,9225.0 volt
109501,24.0 volt
109522,5.0 volt
109537,
109540,1.20 volt
109564,12.0 volt
109572,
109582,"[220.0, 240.0] volt"
109585,5.0 volt
109612,5.0 volt
109633,
109661,115.0 volt
109677,
109692,120.0 volt
109713,
109757,
109776,"[220.0, 240.0] volt"
109781,
109785,
109845,
109847,24.0 volt
109852,
109854,5.0 volt
109889,115.0 volt
109891,12.0 volt
109899,1.20 volt
109900,
109902,
109904,12.0 volt
109931,36.0 volt
109932,120.0 volt
109937,
109939,
109945,
109981,
109985,12.0 volt
109988,3.70 volt
109998,12.0 volt
110017,5.0 volt
110041,
110045,12.0 volt
110062,
110082,1.50 volt
110090,
110118,
110149,12.0 volt
110160,12.0 volt
110192,24.0 volt
110204,
110211,120.0 volt
110220,
110233,12.0 volt
110241,
110251,
110262,
110275,
110277,
110294,12.0 volt
110309,9225.0 volt
110327,1.35 volt
110336,115.0 volt
110338,300.0 volt
110358,120.0 volt
110372,
110425,12.0 volt
110436,
110442,
110480,1.35 volt
110489,1.20 volt
110490,
110491,230.0 volt
110498,
110509,
110517,1.10 volt
110574,
110598,12.0 volt
110627,
110635,12.0 volt
110651,
110664,
110672,24.0 volt
110678,1.35 volt
110681,
110684,
110709,5.0 volt
110721,5.0 volt
110743,
110752,
110758,1.50 volt
110762,72.0 volt
110782,
110785,
110795,115.0 volt
110816,120.0 volt
110818,12.0 volt
110929,
110963,53.0 volt
111031,
111041,5.0 volt
111049,220.0 volt
111113,12.0 volt
111147,115.0 volt
111210,
111212,1.20 volt
111231,
111233,
111257,
111279,
111283,
111304,120.0 volt
111312,
111315,
111319,
111325,115.0 volt
111334,12.0 volt
111365,
111369,1.20 volt
111402,220.0 volt
111409,
111414,
111443,
111453,
111455,7.40 volt
111485,12.0 volt
111488,
111501,
111512,16001.35 volt
111535,12.0 volt
111555,110.0 volt
111604,
111612,1.50 volt
111654,
111666,1.20 volt
111690,220.0 volt
111723,
111763,
111767,81.20 volt
111770,12.0 volt
111790,12.0 volt
111813,220.0 volt
111839,12.0 volt
111844,
111850,
111889,2.50 volt
111896,
111903,5.0 volt
111925,12.0 volt
111951,
111990,
111998,
112002,
112005,220.0 volt
112025,
112082,220.0 volt
112088,12.0 volt
112102,115.0 volt
112104,
112116,12.0 volt
112171,
112173,
112178,220.0 volt
112181,
112204,
112218,41.35 volt
112224,
112227,12.0 volt
112244,5.0 volt
112245,
112254,1.50 volt
112265,3.0 volt
112291,"[220.0, 240.0] volt"
112294,5.0 volt
112298,
112346,
112376,12.0 volt
112378,
112396,
112400,251.0 volt
112434,
112458,
112470,
112489,5.0 volt
112491,
112497,
112500,1.50 volt
112505,
112517,
112567,12.0 volt
112580,
112585,13.80 volt
112595,
112603,12.0 volt
112611,
112617,9225.0 volt
112634,
112638,
112657,12.0 volt
112660,110.0 volt
112743,
112755,12.0 volt
112766,
112842,50201.0 volt
112887,220.0 volt
112889,
113016,5.0 volt
113043,"[220.0, 240.0] volt"
113057,4.20 volt
113063,24.0 volt
113077,5712.0 volt
113101,110.0 volt
113113,12.0 volt
113135,12.0 volt
113142,
113164,24.0 volt
113165,
113170,
113188,151.20 volt
113223,12.0 volt
113226,12.0 volt
113230,
113267,24.0 volt
113338,
113345,
113360,1.20 volt
113363,
113368,
113375,
113394,120.0 volt
113419,
113426,
113427,
113452,
113462,24.0 volt
113466,2.0 volt
113482,
113486,12.0 volt
113497,230.0 volt
113501,120.0 volt
113508,
113513,12.0 volt
113515,12.0 volt
113518,5.0 volt
113557,1.50 volt
113572,120.0 volt
113575,12.0 volt
113604,17.0 volt
113607,3.80 volt
113622,
113628,
113638,12.0 volt
113655,12.0 volt
113671,
113728,
113732,220.0 volt
113740,
113745,"[220.0, 240.0] volt"
113762,120.0 volt
113765,12.0 volt
113835,56.0 volt
113854,
113859,
113867,12.0 volt
113884,
113905,120.0 volt
113943,230.0 volt
113954,
113980,24.0 volt
113993,5.0 volt
114004,220.0 volt
114010,
114037,12.0 volt
114041,"[220.0, 240.0] volt"
114063,120.0 volt
114065,
114098,
114120,
114134,12.0 volt
114138,
114145,
114204,12.0 volt
114208,
114220,
114251,277.0 volt
114314,
114318,
114322,120.0 volt
114351,900.0 volt
114355,
114357,12.0 volt
114402,
114404,
114431,1.50 volt
114434,
114447,1.50 volt
114453,
114493,115.0 volt
114519,
114538,
114545,
114559,
114607,
114665,1.20 volt
114675,12.0 volt
114677,12.0 volt
114723,24.0 volt
114733,24.0 volt
114746,
114755,3.0 volt
114775,627.0 volt
114793,
114847,1.20 volt
114874,1.35 volt
114930,
114934,
114940,
114943,
114947,
114980,1.20 volt
115023,
115038,94.0 volt
115141,
115148,12.0 volt
115229,
115285,
115290,120.0 volt
115340,
115342,"[220.0, 240.0] volt"
115363,1.50 volt
115389,
115407,
115448,
115454,
115461,
115477,1.50 volt
115488,
115496,
115514,
115531,816.0 volt
115621,1.10 volt
115640,41.50 volt
115668,12.0 volt
115690,1.80 volt
115732,1.20 volt
115755,
115769,14.40 volt
115819,1.35 volt
115821,110.0 volt
115907,
115935,"[220.0, 240.0] volt"
115943,12.0 volt
115985,1.50 volt
115987,
115998,
116000,24.0 volt
116025,1.35 volt
116038,5.0 volt
116048,120.0 volt
116116,
116118,
116124,
116146,1.35 volt
116189,
116216,1.50 volt
116247,
116250,12.0 volt
116282,
116333,1.35 volt
116351,12.0 volt
116432,
116435,
116437,
116442,
116476,
116477,99.0 volt
116497,
116508,
116514,
116536,
116540,24.0 volt
116586,127.0 volt
116600,1.50 volt
116656,1.35 volt
116700,1.10 volt
116713,120.0 volt
116717,
116718,
116723,1.50 volt
116735,1.35 volt
116748,
116798,81.20 volt
116800,81.50 volt
116813,
116865,1.20 volt
116874,
116890,
116903,
116950,1.35 volt
116989,
117002,12.0 volt
117008,
117042,110.0 volt
117045,
117124,
117139,5.0 volt
117152,5.0 volt
117165,1.35 volt
117201,901.0 volt
117236,1.10 volt
117278,
117291,120.0 volt
117295,
117296,
117313,12.0 volt
117352,3.0 volt
117353,5.0 volt
117376,
117403,
117406,115.0 volt
117423,12.0 volt
117436,30.0 volt
117438,994.0 volt
117440,
117450,
117463,
117475,1.35 volt
117480,
117485,
117492,
117493,1.50 volt
117499,115.0 volt
117507,14.40 volt
117518,
117538,
117609,
117659,
117663,
117719,12.0 volt
117734,8.0 volt
117741,12.0 volt
117835,14.80 volt
117861,1.10 volt
117881,"[220.0, 240.0] volt"
117891,12.0 volt
117893,50201.0 volt
117907,
117962,1.50 volt
117968,
118022,151.20 volt
118039,
118044,12.0 volt
118095,1.20 volt
118113,12.0 volt
118141,5.0 volt
118167,
118191,1.50 volt
118192,
118216,
118218,
118227,"[220.0, 240.0] volt"
118235,
118310,
118342,1.35 volt
118367,1.50 volt
118376,5.0 volt
118403,
118405,
118429,
118524,6.0 volt
118536,
118574,1.10 volt
118590,
118601,12.0 volt
118624,12.0 volt
118638,
118650,41.20 volt
118672,
118683,
118710,
118716,
118740,5.0 volt
118756,
118819,115.0 volt
118840,
118868,41.50 volt
118885,
118942,12.0 volt
118946,120.0 volt
118975,
118980,1.35 volt
118987,171.20 volt
119003,
119035,12.0 volt
119042,115.0 volt
119064,
119074,1.20 volt
119078,1.20 volt
119084,
119088,
119108,
119131,1.20 volt
119157,
119161,115.0 volt
119212,
119228,
119246,
119250,
119254,
119256,1.35 volt
119302,
119343,266.0 volt
119399,
119467,1.20 volt
119567,12.0 volt
119571,41.20 volt
119603,
119608,24.0 volt
119613,1.50 volt
119659,
119674,
119676,1.50 volt
119723,1.20 volt
119735,
119748,
119766,
119778,
119784,
119810,294.0 volt
119832,
119848,
119897,24.0 volt
119943,
119977,
120038,1.35 volt
120054,
120061,24.0 volt
120257,
120259,
120297,41.20 volt
120302,1.10 volt
120306,411.0 volt
120318,
120322,18.0 volt
120333,
120344,1.20 volt
120348,
120383,115.0 volt
120390,94.0 volt
120408,
120429,
120445,57.0 volt
120458,1.20 volt
120511,
120528,1.20 volt
120558,220.0 volt
120572,120.0 volt
120604,
120621,
120629,
120645,
120662,
120664,
120684,110.0 volt
120693,1.35 volt
120738,1.35 volt
120753,
120768,12.0 volt
120774,
120788,
120793,
120799,
120801,
120808,115.0 volt
120813,
120820,
120823,
120852,
120865,
120886,
120898,
120915,14.80 volt
120931,1.10 volt
120943,
120959,81.20 volt
120965,
120975,
120988,1.10 volt
120999,
121021,
121115,
121128,
121185,
121227,12.0 volt
121254,
121317,1.35 volt
121328,12.0 volt
121367,
121386,
121410,12.0 volt
121429,
121450,1.10 volt
121458,120.0 volt
121475,1.50 volt
121479,12.0 volt
121542,
121555,1.35 volt
121556,
121577,1.20 volt
121585,
121607,
121615,1.50 volt
121620,
121674,191.20 volt
121695,1.35 volt
121724,12.0 volt
121742,
121799,
121804,
121825,
121828,110.0 volt
121854,1.35 volt
121896,
121907,115.0 volt
121914,
121921,1.50 volt
121938,
121941,
121990,
121999,12.0 volt
122014,81.20 volt
122098,
122103,1.20 volt
122139,12.0 volt
122142,
122166,5.0 volt
122171,
122174,
122193,1.35 volt
122197,1.10 volt
122213,
122270,1.50 volt
122280,41.20 volt
122313,
122338,
122420,12.0 volt
122487,
122507,81.20 volt
122551,1.35 volt
122584,
122604,1.20 volt
122606,24.0 volt
122665,12.0 volt
122682,1.50 volt
122684,294.0 volt
122703,
122711,
122731,
122750,1.50 volt
122770,
122828,12.0 volt
122847,1.35 volt
122917,24.0 volt
122984,230.0 volt
123012,120.0 volt
123018,6.0 volt
123053,
123062,
123091,1.35 volt
123112,
123122,120.0 volt
123137,1.50 volt
123148,
123164,
123166,
123168,
123178,5.0 volt
123182,24.0 volt
123219,
123261,
123287,
123325,24.0 volt
123380,
123408,6.0 volt
123442,12.0 volt
123455,12.0 volt
123456,
123491,1.20 volt
123504,5.0 volt
123528,12.0 volt
123542,
123570,
123587,"[220.0, 240.0] volt"
123639,94.0 volt
123723,
123737,
123764,1.20 volt
123783,
123821,220.0 volt
123823,
123825,
123871,
123897,
123958,
124047,
124144,94.0 volt
124146,
124182,1.20 volt
124184,12.0 volt
124195,110.0 volt
124267,1.10 volt
124304,12.0 volt
124305,1.20 volt
124334,120.0 volt
124338,
124365,
124373,1.20 volt
124390,
124413,
124416,
124417,
124423,
124533,
124538,
124554,
124559,12.0 volt
124574,5.0 volt
124609,
124617,
124618,1.35 volt
124621,12.0 volt
124655,
124658,1.20 volt
124665,
124667,
124674,
124767,
124793,
124847,
124871,
124902,12.0 volt
124911,
124968,1.50 volt
125010,1.20 volt
125031,
125068,
125091,1.35 volt
125092,1.20 volt
125107,1.10 volt
125127,41.50 volt
125133,
125172,1.20 volt
125176,
125205,1.20 volt
125207,
125227,
125252,
125269,
125324,
125387,
125399,
125403,1.20 volt
125421,12.0 volt
125428,
125460,12.0 volt
125504,1.50 volt
125540,
125561,120.0 volt
125577,115.0 volt
125599,
125602,
125604,
125630,1.80 volt
125659,1.50 volt
125727,1.50 volt
125738,1.20 volt
125745,619.0 volt
125810,16.0 volt
125833,12.0 volt
125848,115.0 volt
125899,1.20 volt
125909,1.20 volt
125940,
125967,
125973,1.50 volt
125995,1.20 volt
126021,1.10 volt
126050,
126068,1.50 volt
126071,
126079,1.50 volt
126087,1.20 volt
126096,
126129,1.20 volt
126190,1.20 volt
126191,1.20 volt
126202,1.50 volt
126215,115.0 volt
126223,
126278,1.20 volt
126291,
126350,
126355,1.80 volt
126363,1.20 volt
126377,1.20 volt
126454,
126494,110.0 volt
126546,91.35 volt
126565,
126568,
126572,1.35 volt
126581,
126584,8023.0 volt
126604,1.35 volt
126615,1.20 volt
126627,
126647,
126676,1.10 volt
126717,1.20 volt
126723,
126755,
126791,1.10 volt
126792,
126828,
126830,
126869,115.0 volt
126911,1.50 volt
126930,1.20 volt
126937,
126952,
127086,1.50 volt
127087,
127095,
127101,1.35 volt
127119,
127122,1.35 volt
127125,111.35 volt
127131,
127135,
127141,251.80 volt
127143,12.0 volt
127161,
127164,1.50 volt
127168,2.0 volt
127184,
127209,
127211,
127217,1.20 volt
127225,1.20 volt
127227,
127248,1.20 volt
127252,11.10 volt
127254,
127278,
127316,
127317,41.50 volt
127367,1.50 volt
127371,115.0 volt
127400,
127415,1.50 volt
127424,1.20 volt
127443,1.10 volt
127453,1.80 volt
127459,1.20 volt
127489,1.20 volt
127509,60.0 volt
127537,10600.0 volt
127557,
127587,1.20 volt
127608,1.50 volt
127619,
127624,
127640,
127683,94.0 volt
127704,1.20 volt
127725,
127783,1.20 volt
127812,
127815,1.35 volt
127821,
127835,1.20 volt
127845,1.50 volt
127871,12.0 volt
127874,1.20 volt
127883,1.50 volt
127886,
127930,
127969,
128014,1.20 volt
128023,1.50 volt
128033,10600.0 volt
128050,1.50 volt
128053,
128058,1.20 volt
128074,1.20 volt
128123,
128135,
128162,1.20 volt
128172,
128176,
128199,
128206,
128211,1.50 volt
128219,294.0 volt
128275,
128283,1.50 volt
128296,
128297,1.20 volt
128333,
128347,551.0 volt
128359,1.50 volt
128394,
128408,1.80 volt
128409,1.20 volt
128418,
128450,94.0 volt
128454,
128460,1.20 volt
128481,1.20 volt
128527,
128569,1.35 volt
128587,
128625,
128650,
128653,
128673,1.50 volt
128695,1.20 volt
128726,1.20 volt
128760,
128793,
128801,1.20 volt
128825,94.0 volt
128827,120.0 volt
128848,1.50 volt
128909,5.0 volt
128951,
128958,1.20 volt
128987,
128991,205.0 volt
128996,
129016,1.20 volt
129022,1.50 volt
129025,1.50 volt
129047,
129072,5.0 volt
129106,1.80 volt
129108,
129131,220.0 volt
129156,
129162,1.20 volt
129211,
129233,
129272,120.0 volt
129276,1.20 volt
129289,1.50 volt
129291,
129331,551.0 volt
129337,1.80 volt
129342,94.0 volt
129352,
129364,1.20 volt
129376,1.35 volt
129378,
129386,
129448,41.35 volt
129456,
129514,1.10 volt
129518,
129545,41.35 volt
129549,1.20 volt
129577,
129600,1.20 volt
129615,5.0 volt
129617,
129633,1.20 volt
129638,12.0 volt
129645,544.0 volt
129663,1.20 volt
129672,
129677,1.20 volt
129713,110.0 volt
129718,1.20 volt
129722,1.20 volt
129739,
129743,
129756,1.50 volt
129785,1.20 volt
129791,115.0 volt
129800,
129808,110.0 volt
129818,1.35 volt
129819,1.20 volt
129849,1.20 volt
129870,81.20 volt
129883,
129885,1.20 volt
129902,41.20 volt
129912,1.35 volt
129937,115.0 volt
129940,1.35 volt
129943,1.20 volt
129947,1.20 volt
129984,1.20 volt
129997,1.20 volt
130018,1.20 volt
130023,1.20 volt
130073,1.20 volt
130075,1.50 volt
130094,
130109,
130111,1.20 volt
130115,73.0 volt
130165,81.20 volt
130176,1.50 volt
130210,
130212,
130220,12.0 volt
130240,1.20 volt
130279,12.0 volt
130286,
130293,94.0 volt
130294,1.20 volt
130302,1.20 volt
130310,120.0 volt
130315,1.35 volt
130316,2.0 volt
130352,18.0 volt
130361,5.0 volt
130375,12.0 volt
130377,1.20 volt
130378,1.50 volt
130418,551.0 volt
130492,1.50 volt
130536,
130551,1.20 volt
130554,1.20 volt
130573,
130583,1.20 volt
130650,151.20 volt
130660,
130672,151.20 volt
130711,
130716,12.0 volt
130723,151.20 volt
130730,
130754,1.50 volt
130781,
130845,151.20 volt
130849,12.0 volt
130878,
130882,1.50 volt
130891,151.20 volt
130899,1.20 volt
130914,230.0 volt
130975,12.0 volt
131067,1.35 volt
131079,12.0 volt
131116,1.50 volt
131125,1.20 volt
131128,1.35 volt
131178,69100.0 volt
131188,1.35 volt
131215,111.35 volt
131224,
131225,205.0 volt
131276,171.20 volt
